{
  "entities": [
    {
      "id": 1,
      "name": "Product A",
      "description": "Description of Product A",
      "date_created": "2024-04-05 12:00:00",
      "date_modified": "2024-04-05 12:00:00",
      "status": "active",
      "category": "Electronics",
      "quantity": 10,
      "price": 199.99,
      "location": "Warehouse A"
    },
    {
      "id": 2,
      "name": "Product A",
      "description": "Description of Product A",
      "date_created": "2024-04-05 12:00:00",
      "date_modified": "2024-04-05 12:00:00",
      "status": "active",
      "category": "Electronics",
      "quantity": 10,
      "price": 199.99,
      "location": "Warehouse A"
    }
  ]
}
